filename,brick_type,rotation_x,rotation_y,rotation_z,color_r,color_g,color_b
brick_58de1341,6*1,0.7262751460075378,1.1463850736618042,5.329507827758789,0.15709657568640656,0.3605959878091318,0.2108136852357031
brick_e69cb164,2*1,3.3448917865753174,0.8921205997467041,0.17780470848083496,0.2271791345041979,0.7952321597935961,0.5207338691509017
