filename,brick_type,rotation_x,rotation_y,rotation_z,color_r,color_g,color_b
brick_1693e0c2,3*1,1.0045665502548218,3.819984197616577,1.5327121019363403,0.06577194657731367,0.8299565546747906,0.713412684581326
brick_ce1dc18f,8*2,3.7545342445373535,4.12000846862793,5.026358604431152,0.8537258115188037,0.6200586713103483,0.3074817285492021
brick_b044a90f,2*2,3.315061569213867,3.8558249473571777,5.920932292938232,0.4488884489570142,0.9179982303527179,0.7481855898765266
brick_66860ed7,6*2,4.830134868621826,2.324711322784424,1.3658154010772705,0.1492650573549782,0.46948540906945957,0.7608512378732615
brick_6ed25c25,4*1,4.839147567749023,0.7364208102226257,4.484071254730225,0.0876211544476887,0.9306048578411573,0.8264388623534528
